insert into ward(wardcode, wardname, doctor_responsibility) values('D011', '내과', null);
insert into ward(wardcode, wardname, doctor_responsibility) values('D021', '외과', null);
insert into ward(wardcode, wardname, doctor_responsibility) values('D031', '안과', null);
insert into ward(wardcode, wardname, doctor_responsibility) values('D041', '산부인과', null);
insert into ward(wardcode, wardname, doctor_responsibility) values('D051', '치과', null);
insert into ward(wardcode, wardname, doctor_responsibility) values('D061', '정신과', null);
insert into ward(wardcode, wardname, doctor_responsibility) values('D071', '피부과', null);
insert into ward(wardcode, wardname, doctor_responsibility) values('D081', '소아과', null);
insert into ward(wardcode, wardname, doctor_responsibility) values('D091', '비뇨기과', null);
insert into ward(wardcode, wardname, doctor_responsibility) values('D101', '성형외과', null);
insert into ward(wardcode, wardname, doctor_responsibility) values('D111', '이비인후과', null);
insert into ward(wardcode, wardname, doctor_responsibility) values('D121', '영상의학과', null);

insert into majorward(Major, Wardcode) values('치의학', 'D051');
insert into majorward(Major, Wardcode) values('영상의학', 'D121');
insert into majorward(Major, Wardcode) values('호흡기내과학', 'D011');
insert into majorward(Major, Wardcode) values('순환기내과학', 'D011');
insert into majorward(Major, Wardcode) values('정신과학', 'D061');
insert into majorward(Major, Wardcode) values('정형외과학', 'D021');
insert into majorward(Major, Wardcode) values('안과학', 'D031');
insert into majorward(Major, Wardcode) values('산부인과학', 'D041');
insert into majorward(Major, Wardcode) values('피부과학', 'D071');
insert into majorward(Major, Wardcode) values('소아과학', 'D081');
insert into majorward(Major, Wardcode) values('비뇨기과학', 'D091');
insert into majorward(Major, Wardcode) values('성형외과학', 'D101');
insert into majorward(Major, Wardcode) values('이비인후과학', 'D111');

insert into doctor(Medical_number, doctor_name, doctor_date, Gender, age, Major, salary) values('10001d','김민순','1999-02-03','남자','28','호흡기내과학','230');
insert into doctor(Medical_number, doctor_name, doctor_date, Gender, age, Major, salary) values('12341d','김민종','1999-05-10','남자','29','치의학','250');
insert into doctor(Medical_number, doctor_name, doctor_date, Gender, age, Major, salary) values('23456d','양경록','1998-04-20','남자','30','안과학','280');
insert into doctor(Medical_number, doctor_name, doctor_date, Gender, age, Major, salary) values('24500d','임성빈','1999-02-10','남자','28','정신과학','210');
insert into doctor(Medical_number, doctor_name, doctor_date, Gender, age, Major, salary) values('20984d','김응모','1988-04-16','남자','38','이비인후과학','410');
insert into doctor(Medical_number, doctor_name, doctor_date, Gender, age, Major, salary) values('30578d','김민정','1987-02-10','여자','41','산부인과학','440');
insert into doctor(Medical_number, doctor_name, doctor_date, Gender, age, Major, salary) values('90087d','이영애','1992-06-11','여자','38','성형외과학','250');
insert into doctor(Medical_number, doctor_name, doctor_date, Gender, age, Major, salary) values('10034d','장동건','1994-02-10','남자','37','피부과학','230');
insert into doctor(Medical_number, doctor_name, doctor_date, Gender, age, Major, salary) values('23908d','이정제','1985-11-10','남자','42','순환기내과학','350');
insert into doctor(Medical_number, doctor_name, doctor_date, Gender, age, Major, salary) values('50789d','최민수','1989-02-16','남자','41','성형외과학','350');
insert into doctor(Medical_number, doctor_name, doctor_date, Gender, age, Major, salary) values('10878d','설경구','2001-07-14','남자','27','비뇨기과학','220');
insert into doctor(Medical_number, doctor_name, doctor_date, Gender, age, Major, salary) values('40687d','윤제균','2002-02-15','남자','28','정신과학','198');
insert into doctor(Medical_number, doctor_name, doctor_date, Gender, age, Major, salary) values('70984d','임창정','1994-04-10','남자','34','영상의학','260');
insert into doctor(Medical_number, doctor_name, doctor_date, Gender, age, Major, salary) values('13045d','원준영','1993-09-30','남자','35','치의학','255');
insert into doctor(Medical_number, doctor_name, doctor_date, Gender, age, Major, salary) values('29087d','김종영','1998-02-10','남자','32','이비인후과학','205');
insert into doctor(Medical_number, doctor_name, doctor_date, Gender, age, Major, salary) values('58676d','차범근','1999-08-10','남자','32','안과학','276');
insert into doctor(Medical_number, doctor_name, doctor_date, Gender, age, Major, salary) values('98074d','남궁옥','1999-02-19','여자','32','순환기내과학','210');
insert into doctor(Medical_number, doctor_name, doctor_date, Gender, age, Major, salary) values('83631d','김유미','1995-07-23','여자','36','소아과학','250');
insert into doctor(Medical_number, doctor_name, doctor_date, Gender, age, Major, salary) values('30405d','정몽준','1989-02-28','남자','42','피부과학','310');
insert into doctor(Medical_number, doctor_name, doctor_date, Gender, age, Major, salary) values('34509d','안철수','1990-12-04','남자','34','안과학','278');
insert into doctor(Medical_number, doctor_name, doctor_date, Gender, age, Major, salary) values('98356d','엄영익','1991-02-10','남자','35','이비인후과학','245');
insert into doctor(Medical_number, doctor_name, doctor_date, Gender, age, Major, salary) values('67603d','임지훈','1992-04-30','남자','36','안과학','256');
insert into doctor(Medical_number, doctor_name, doctor_date, Gender, age, Major, salary) values('10405d','손지창','2002-02-11','남자','29','안과학','180');
insert into doctor(Medical_number, doctor_name, doctor_date, Gender, age, Major, salary) values('37809d','이문식','2001-03-12','남자','29','정형외과학','211');
insert into doctor(Medical_number, doctor_name, doctor_date, Gender, age, Major, salary) values('46575d','김수로','1999-02-10','남자','34','안과학','250');
insert into doctor(Medical_number, doctor_name, doctor_date, Gender, age, Major, salary) values('10936d','차태현','1996-02-13','남자','32','이비인후과학','240');
insert into doctor(Medical_number, doctor_name, doctor_date, Gender, age, Major, salary) values('79006d','옥동자','1997-11-23','남자','32','비뇨기과학','190');
insert into doctor(Medical_number, doctor_name, doctor_date, Gender, age, Major, salary) values('30040d','김인석','1998-06-10','남자','36','안과학','210');
insert into doctor(Medical_number, doctor_name, doctor_date, Gender, age, Major, salary) values('67990d','박준형','1999-02-18','남자','34','정형외과학','201');



insert into Patient(registration_number,Patient_name,Gender,age,Address,HP) values('102344','박준형','남자','34','서울도봉구','010-6728-1234');
insert into Patient(registration_number,Patient_name,Gender,age,Address,HP) values('102354','이나경','여자','25','경기수원시','010-1728-1234');
insert into Patient(registration_number,Patient_name,Gender,age,Address,HP) values('102444','김병문','남자','56','서울도곡동','010-3728-1234');
insert into Patient(registration_number,Patient_name,Gender,age,Address,HP) values('102644','박동후','남자','34','서울휘경동','010-4783-1234');
insert into Patient(registration_number,Patient_name,Gender,age,Address,HP) values('202344','정선미','여자','32','서울문정동','010-1728-1234');
insert into Patient(registration_number,Patient_name,Gender,age,Address,HP) values('202444','홍광석','남자','34','서울반포동','010-8123-1234');
insert into Patient(registration_number,Patient_name,Gender,age,Address,HP) values('312844','류시원','남자','34','서울도봉구','010-1167-1234');
insert into Patient(registration_number,Patient_name,Gender,age,Address,HP) values('396344','김하늘','여자','34','서울가양동','010-4728-1234');
insert into Patient(registration_number,Patient_name,Gender,age,Address,HP) values('506344','오연수','여자','34','서울도봉구','010-5456-0098');
insert into Patient(registration_number,Patient_name,Gender,age,Address,HP) values('506374','손지창','남자','34','경기천천동','010-6728-1234');
insert into Patient(registration_number,Patient_name,Gender,age,Address,HP) values('532544','박준규','남자','34','서울도봉구','010-7456-1234');
insert into Patient(registration_number,Patient_name,Gender,age,Address,HP) values('552344','손범수','남자','34','서울전농동','010-1728-1234');
insert into Patient(registration_number,Patient_name,Gender,age,Address,HP) values('593444','김병찬','남자','34','서울도봉구','010-0934-1234');
insert into Patient(registration_number,Patient_name,Gender,age,Address,HP) values('784944','이상벽','남자','34','서울도봉구','010-8728-1234');
insert into Patient(registration_number,Patient_name,Gender,age,Address,HP) values('792344','이지은','여자','34','서울도봉구','010-7728-1234');
insert into Patient(registration_number,Patient_name,Gender,age,Address,HP) values('794567','김주하','여자','34','경기안양','010-4728-1234');
insert into Patient(registration_number,Patient_name,Gender,age,Address,HP) values('794589','최성국','남자','34','서울도봉구','010-9728-4526');
insert into Patient(registration_number,Patient_name,Gender,age,Address,HP) values('790123','진재영','여자','34','서울도봉구','010-0586-1234');
insert into Patient(registration_number,Patient_name,Gender,age,Address,HP) values('790304','함소원','여자','34','서울신도림동','010-5345-1234');
insert into Patient(registration_number,Patient_name,Gender,age,Address,HP) values('980235','이낙훈','남자','34','서울영등포동','010-1728-1234');
insert into Patient(registration_number,Patient_name,Gender,age,Address,HP) values('980055','정진욱','남자','34','서울도봉구','010-1728-1265');
insert into Patient(registration_number,Patient_name,Gender,age,Address,HP) values('950342','신은경','여자','34','서울사당동','010-4728-1324');
insert into Patient(registration_number,Patient_name,Gender,age,Address,HP) values('990045','유준상','남자','34','서울혜화동','010-9728-1234');
insert into Patient(registration_number,Patient_name,Gender,age,Address,HP) values('930453','신예나','여자','34','서울천호동','010-4728-1634');
insert into Patient(registration_number,Patient_name,Gender,age,Address,HP) values('120304','이소라','여자','34','서울천호동','010-1728-0983');
insert into Patient(registration_number,Patient_name,Gender,age,Address,HP) values('405954','신동엽','남자','34','서울도봉구','010-5728-1234');
insert into Patient(registration_number,Patient_name,Gender,age,Address,HP) values('100034','김보성','남자','34','서울도봉구','010-3428-0101');
insert into Patient(registration_number,Patient_name,Gender,age,Address,HP) values('109344','이순재','남자','34','서울신설동','010-7628-1234');
insert into Patient(registration_number,Patient_name,Gender,age,Address,HP) values('182344','김응모','남자','34','경기안산','010-1728-4234');

insert into Nurse(Nurse_number,Nurse_name,age,salary,Medical_number) values('10123n','심은하','25','120','10001d');
insert into Nurse(Nurse_number,Nurse_name,age,salary,Medical_number) values('10124n','이혜영','25','120','12341d');
insert into Nurse(Nurse_number,Nurse_name,age,salary,Medical_number) values('10125n','오은실','26','130','23456d');
insert into Nurse(Nurse_number,Nurse_name,age,salary,Medical_number) values('20126n','김혜수','27','140','24500d');
insert into Nurse(Nurse_number,Nurse_name,age,salary,Medical_number) values('20127n','송윤아','29','160','20984d');
insert into Nurse(Nurse_number,Nurse_name,age,salary,Medical_number) values('20223n','장나라','25','120','30578d');
insert into Nurse(Nurse_number,Nurse_name,age,salary,Medical_number) values('20423n','심은진','25','120','90087d');
insert into Nurse(Nurse_number,Nurse_name,age,salary,Medical_number) values('30626n','정선경','27','140','10034d');
insert into Nurse(Nurse_number,Nurse_name,age,salary,Medical_number) values('30729n','손예진','25','120','23908d');
insert into Nurse(Nurse_number,Nurse_name,age,salary,Medical_number) values('30163n','이은주','25','120','50789d');
insert into Nurse(Nurse_number,Nurse_name,age,salary,Medical_number) values('30183n','강부자','30','230','10878d');
insert into Nurse(Nurse_number,Nurse_name,age,salary,Medical_number) values('40193n','이효춘','25','130','40687d');
insert into Nurse(Nurse_number,Nurse_name,age,salary,Medical_number) values('40023n','김혜숙','32','200','70984d');
insert into Nurse(Nurse_number,Nurse_name,age,salary,Medical_number) values('41123n','최미란','25','120','13045d');
insert into Nurse(Nurse_number,Nurse_name,age,salary,Medical_number) values('45123n','신윤정','33','220','29087d');
insert into Nurse(Nurse_number,Nurse_name,age,salary,Medical_number) values('50120n','박원숙','25','120','58676d');
insert into Nurse(Nurse_number,Nurse_name,age,salary,Medical_number) values('50121n','박솔미','27','150','98074d');
insert into Nurse(Nurse_number,Nurse_name,age,salary,Medical_number) values('60723n','최지우','28','180','83631d');
insert into Nurse(Nurse_number,Nurse_name,age,salary,Medical_number) values('65123n','전도연','29','180','30405d');
insert into Nurse(Nurse_number,Nurse_name,age,salary,Medical_number) values('79123n','아유미','25','120','34509d');
insert into Nurse(Nurse_number,Nurse_name,age,salary,Medical_number) values('00013n','최미란','25','130','98356d');
insert into Nurse(Nurse_number,Nurse_name,age,salary,Medical_number) values('00014n','임윤빈','32','200','67603d');
insert into Nurse(Nurse_number,Nurse_name,age,salary,Medical_number) values('00015n','박한주','25','120','10405d');
insert into Nurse(Nurse_number,Nurse_name,age,salary,Medical_number) values('00101n','최하나','33','220','37809d');
insert into Nurse(Nurse_number,Nurse_name,age,salary,Medical_number) values('00102n','이승연','25','120','46575d');
insert into Nurse(Nurse_number,Nurse_name,age,salary,Medical_number) values('00103n','김정은','27','150','10936d');
insert into Nurse(Nurse_number,Nurse_name,age,salary,Medical_number) values('00104n','김원희','28','180','79006d');
insert into Nurse(Nurse_number,Nurse_name,age,salary,Medical_number) values('00110n','장미희','29','180','30040d');
insert into Nurse(Nurse_number,Nurse_name,age,salary,Medical_number) values('00111n','김윤진','25','120','67990d');
insert into Nurse(Nurse_number,Nurse_name,age,salary,Medical_number) values('00115n','이혜진','25','120',null);
insert into Nurse(Nurse_number,Nurse_name,age,salary,Medical_number) values('00215n','이미숙','25','120','67990d');
insert into Nurse(Nurse_number,Nurse_name,age,salary,Medical_number) values('00315n','박혜경','25','120','34509d');


insert into Hospitalization(patient_number, wardcode, Hospitalization_date) values('102444','D011','2003-12-01');
insert into Hospitalization(patient_number, wardcode, Hospitalization_date) values('202444','D071','2003-11-21');
insert into Hospitalization(patient_number, wardcode, Hospitalization_date) values('506344','D041','2003-10-21');
insert into Hospitalization(patient_number, wardcode, Hospitalization_date) values('506374','D011','2003-11-15');
insert into Hospitalization(patient_number, wardcode, Hospitalization_date) values('532544','D091','2003-10-05');
insert into Hospitalization(patient_number, wardcode, Hospitalization_date) values('792344','D041','2003-09-28');
insert into Hospitalization(patient_number, wardcode, Hospitalization_date) values('980055','D021','2003-11-30');
insert into Hospitalization(patient_number, wardcode, Hospitalization_date) values('950342','D031','2003-12-02');
insert into Hospitalization(patient_number, wardcode, Hospitalization_date) values('930453','D071','2003-11-03');
insert into Hospitalization(patient_number, wardcode, Hospitalization_date) values('405954','D111','2003-11-18');
insert into Hospitalization(patient_number, wardcode, Hospitalization_date) values('182344','D011','2003-10-29');
insert into Hospitalization(patient_number, wardcode, Hospitalization_date) values('202444','D071','2001-08-21');
insert into Hospitalization(patient_number, wardcode, Hospitalization_date) values('405954','D111','1999-03-25');
insert into Hospitalization(patient_number, wardcode, Hospitalization_date) values('950342','D031','1998-07-09');

insert into patient_doctor(patient_number, Medical_number) values('102444','10001d');
insert into patient_doctor(patient_number, Medical_number) values('202444','10034d');
insert into patient_doctor(patient_number, Medical_number) values('506344','30578d');
insert into patient_doctor(patient_number, Medical_number) values('506374','29087d');
insert into patient_doctor(patient_number, Medical_number) values('532544','79006d');
insert into patient_doctor(patient_number, Medical_number) values('792344','30578d');
insert into patient_doctor(patient_number, Medical_number) values('980055','67990d');
insert into patient_doctor(patient_number, Medical_number) values('950342','30040d');
insert into patient_doctor(patient_number, Medical_number) values('930453','30405d');
insert into patient_doctor(patient_number, Medical_number) values('405954','98356d');
insert into patient_doctor(patient_number, Medical_number) values('182344','98074d');
insert into patient_doctor(patient_number, Medical_number) values('100034','10878d');
insert into patient_doctor(patient_number, Medical_number) values('109344','13045d');
insert into patient_doctor(patient_number, Medical_number) values('790123','50789d');
insert into patient_doctor(patient_number, Medical_number) values('784944','90087d');
insert into patient_doctor(patient_number, Medical_number) values('552344','12341d');
insert into patient_doctor(patient_number, Medical_number) values('396344','30578d');
insert into patient_doctor(patient_number, Medical_number) values('202344','67990d');
insert into patient_doctor(patient_number, Medical_number) values('102354','98074d');
insert into patient_doctor(patient_number, Medical_number) values('102344','67990d');

insert into Interview(patient_number, Interview_date) values('102444','2003-06-07');
insert into Interview(patient_number, Interview_date) values('202444','2003-10-30');
insert into Interview(patient_number, Interview_date) values('506344','2003-10-12');
insert into Interview(patient_number, Interview_date) values('202344','2002-08-30');
insert into Interview(patient_number, Interview_date) values('102354','2002-09-14');
insert into Interview(patient_number, Interview_date) values('102344','2003-08-05');
insert into Interview(patient_number, Interview_date) values('532544','2001-05-24');
insert into Interview(patient_number, Interview_date) values('930453','2000-11-29');
insert into Interview(patient_number, Interview_date) values('792344','2001-09-26');
insert into Interview(patient_number, Interview_date) values('792344','2003-11-02');
insert into Interview(patient_number, Interview_date) values('930453','2003-10-30');
insert into Interview(patient_number, Interview_date) values('532544','2003-11-23');
insert into Interview(patient_number, Interview_date) values('102354','2003-06-30');
insert into Interview(patient_number, Interview_date) values('202344','2003-03-20');
insert into Interview(patient_number, Interview_date) values('102444','2003-08-30');

insert into operation(patient_number, Medical_number, operation_date, operation_Area) values('506344','30578d','2003-10-22','하복부');
insert into operation(patient_number, Medical_number, operation_date, operation_Area) values('792344','30578d','2003-12-03','위');
insert into operation(patient_number, Medical_number, operation_date, operation_Area) values('506374','29087d','2003-11-20','코');
insert into operation(patient_number, Medical_number, operation_date, operation_Area) values('980055','67990d','2003-12-01','무릎관절');
insert into operation(patient_number, Medical_number, operation_date, operation_Area) values('950342','30040d','2003-12-05','눈');

insert into Interview_Reservation(Reservation_number, Reservation_one_date, Reservation_date, patient_number, Medical_number) values('#001','2003-12-03','2003-12-23','102644','67990d');
insert into Interview_Reservation(Reservation_number, Reservation_one_date, Reservation_date, patient_number, Medical_number) values('#002','2003-12-02','2003-12-20','312844','83631d');
insert into Interview_Reservation(Reservation_number, Reservation_one_date, Reservation_date, patient_number, Medical_number) values('#003','2003-12-01','2004-01-23','593444','67603d');
insert into Interview_Reservation(Reservation_number, Reservation_one_date, Reservation_date, patient_number, Medical_number) values('#004','2003-12-03','2003-12-18','794567','10878d');
insert into Interview_Reservation(Reservation_number, Reservation_one_date, Reservation_date, patient_number, Medical_number) values('#005','2003-12-05','2004-01-02','794589','30578d');
insert into Interview_Reservation(Reservation_number, Reservation_one_date, Reservation_date, patient_number, Medical_number) values('#006','2003-12-04','2003-12-26','790304','23456d');

insert into Area_in_charge(Inspection_equipment, Inspection_part) values('ER내시경', '위');
insert into Area_in_charge(Inspection_equipment, Inspection_part) values('EF내시경', '장');
insert into Area_in_charge(Inspection_equipment, Inspection_part) values('X-ray1', '전신');
insert into Area_in_charge(Inspection_equipment, Inspection_part) values('X-ray2', '심장');
insert into Area_in_charge(Inspection_equipment, Inspection_part) values('X-ray3', '간');
insert into Area_in_charge(Inspection_equipment, Inspection_part) values('MRI1', '뇌');
insert into Area_in_charge(Inspection_equipment, Inspection_part) values('MRI2', '유방');
insert into Area_in_charge(Inspection_equipment, Inspection_part) values('MRI3', '자궁');
insert into Area_in_charge(Inspection_equipment, Inspection_part) values('Elect1', '눈');
insert into Area_in_charge(Inspection_equipment, Inspection_part) values('Penis', '비뇨기관');

insert into Inspection_Schedule(Schedule_number,Inspection_equipment,Inspection_date,Inspection_time) values('#010','ER내시경','2003-12-09','10:00:00');
insert into Inspection_Schedule(Schedule_number,Inspection_equipment,Inspection_date,Inspection_time) values('#011','ER내시경','2003-12-10','12:00:00');
insert into Inspection_Schedule(Schedule_number,Inspection_equipment,Inspection_date,Inspection_time) values('#012','X-ray1','2003-12-09','14:00:00');
insert into Inspection_Schedule(Schedule_number,Inspection_equipment,Inspection_date,Inspection_time) values('#013','X-ray2','2003-12-10','16:00:00');
insert into Inspection_Schedule(Schedule_number,Inspection_equipment,Inspection_date,Inspection_time) values('#014','X-ray3','2003-12-13','12:00:00');
insert into Inspection_Schedule(Schedule_number,Inspection_equipment,Inspection_date,Inspection_time) values('#015','MRI1','2003-12-20','12:00:00');
insert into Inspection_Schedule(Schedule_number,Inspection_equipment,Inspection_date,Inspection_time) values('#016','MRI2','2003-12-21','11:30:00');
insert into Inspection_Schedule(Schedule_number,Inspection_equipment,Inspection_date,Inspection_time) values('#017','MRI3','2003-12-10','12:00:00');
insert into Inspection_Schedule(Schedule_number,Inspection_equipment,Inspection_date,Inspection_time) values('#018','Elect1','2003-12-09','13:30:00');
insert into Inspection_Schedule(Schedule_number,Inspection_equipment,Inspection_date,Inspection_time) values('#019','Penis','2003-12-09','10:00:00');


insert into Inspection_Reservation(Inspection_number_Re ,registration_number,Schedule_number) values('#R020','396344','#012');
insert into Inspection_Reservation(Inspection_number_Re ,registration_number,Schedule_number) values('#R021','396344','#016');
insert into Inspection_Reservation(Inspection_number_Re ,registration_number,Schedule_number) values('#R022','102354','#012');
insert into Inspection_Reservation(Inspection_number_Re ,registration_number,Schedule_number) values('#R023','102354','#013');
insert into Inspection_Reservation(Inspection_number_Re ,registration_number,Schedule_number) values('#R024','405954','#012');
insert into Inspection_Reservation(Inspection_number_Re ,registration_number,Schedule_number) values('#R025','552344','#010');
insert into Inspection_Reservation(Inspection_number_Re ,registration_number,Schedule_number) values('#R026','792344','#012');
insert into Inspection_Reservation(Inspection_number_Re ,registration_number,Schedule_number) values('#R027','794567','#013');
insert into Inspection_Reservation(Inspection_number_Re ,registration_number,Schedule_number) values('#R028','794589','#011');
insert into Inspection_Reservation(Inspection_number_Re,registration_number,Schedule_number) values('#R029','980055','#018');
insert into Inspection_Reservation(Inspection_number_Re,registration_number,Schedule_number) values('#R030','950342','#019');
insert into Inspection_Reservation(Inspection_number_Re,registration_number,Schedule_number) values('#R031','552344','#012');
insert into Inspection_Reservation(Inspection_number_Re,registration_number,Schedule_number) values('#R032','792344','#012');
insert into Inspection_Reservation(Inspection_number_Re,registration_number,Schedule_number) values('#R033','794567','#013');
insert into Inspection_Reservation(Inspection_number_Re,registration_number,Schedule_number) values('#R034','794589','#018');
insert into Inspection_Reservation(Inspection_number_Re,registration_number,Schedule_number) values('#R035','980055','#018');
insert into Inspection_Reservation(Inspection_number_Re,registration_number,Schedule_number) values('#R036','950342','#017');
insert into Inspection_Reservation(Inspection_number_Re,registration_number,Schedule_number) values('#R037','109344','#016');
insert into Inspection_Reservation(Inspection_number_Re,registration_number,Schedule_number) values('#R038','950342','#019');


insert into Diagnostic_prescription(prescription_number, Diagnostic_date, Diagnostic_content, Inspection_number_Re) values('#806','2003-12-04','외래치료','#R020');
insert into Diagnostic_prescription(prescription_number, Diagnostic_date, Diagnostic_content, Inspection_number_Re) values('#807','2003-12-04','이상없음','#R021');
insert into Diagnostic_prescription(prescription_number, Diagnostic_date, Diagnostic_content, Inspection_number_Re) values('#808','2003-12-05','재검사','#R022');
insert into Diagnostic_prescription(prescription_number, Diagnostic_date, Diagnostic_content, Inspection_number_Re) values('#809','2003-12-05','외래치료','#R023');
insert into Diagnostic_prescription(prescription_number, Diagnostic_date, Diagnostic_content, Inspection_number_Re) values('#810','2003-12-06','투약','#R024');
insert into Diagnostic_prescription(prescription_number, Diagnostic_date, Diagnostic_content, Inspection_number_Re) values('#811','2003-12-03','투약','#R025');
insert into Diagnostic_prescription(prescription_number, Diagnostic_date, Diagnostic_content, Inspection_number_Re) values('#812','2003-12-09','외래치료','#R026');
insert into Diagnostic_prescription(prescription_number, Diagnostic_date, Diagnostic_content, Inspection_number_Re) values('#813','2003-12-04','이상없음','#R027');
insert into Diagnostic_prescription(prescription_number, Diagnostic_date, Diagnostic_content, Inspection_number_Re) values('#814','2003-12-13','재검사','#R028');
insert into Diagnostic_prescription(prescription_number, Diagnostic_date, Diagnostic_content, Inspection_number_Re) values('#815','2003-12-11','외래치료','#R029');
insert into Diagnostic_prescription(prescription_number, Diagnostic_date, Diagnostic_content, Inspection_number_Re) values('#816','2003-12-03','투약','#R030');
insert into Diagnostic_prescription(prescription_number, Diagnostic_date, Diagnostic_content, Inspection_number_Re) values('#820','2003-12-04','외래치료','#R031');
insert into Diagnostic_prescription(prescription_number, Diagnostic_date, Diagnostic_content, Inspection_number_Re) values('#821','2003-12-06','투약','#R032');
insert into Diagnostic_prescription(prescription_number, Diagnostic_date, Diagnostic_content, Inspection_number_Re) values('#822','2003-12-03','투약','#R033');
insert into Diagnostic_prescription(prescription_number, Diagnostic_date, Diagnostic_content, Inspection_number_Re) values('#823','2003-12-09','외래치료','#R034');
insert into Diagnostic_prescription(prescription_number, Diagnostic_date, Diagnostic_content, Inspection_number_Re) values('#824','2003-12-04','투약','#R035');
insert into Diagnostic_prescription(prescription_number, Diagnostic_date, Diagnostic_content, Inspection_number_Re) values('#825','2003-12-13','투약','#R036');
insert into Diagnostic_prescription(prescription_number, Diagnostic_date, Diagnostic_content, Inspection_number_Re) values('#826','2003-12-11','외래치료','#R037');
insert into Diagnostic_prescription(prescription_number, Diagnostic_date, Diagnostic_content, Inspection_number_Re) values('#827','2003-12-03','투약','#R038');

update ward set doctor_responsibility = '10001d' where wardcode = 'D011';
update ward set doctor_responsibility = '90087d' where wardcode = 'D021';
update ward set doctor_responsibility = '23456d' where wardcode = 'D031';
update ward set doctor_responsibility = '30578d' where wardcode = 'D041';
update ward set doctor_responsibility = '13045d' where wardcode = 'D051';
update ward set doctor_responsibility = '40687d' where wardcode = 'D061';
update ward set doctor_responsibility = '30405d' where wardcode = 'D071';
update ward set doctor_responsibility = '83631d' where wardcode = 'D081';
update ward set doctor_responsibility = '10878d' where wardcode = 'D091';
update ward set doctor_responsibility = '50789d' where wardcode = 'D101';
update ward set doctor_responsibility = '29087d' where wardcode = 'D111';
update ward set doctor_responsibility = '70984d' where wardcode = 'D121';



